{"name":"99ab26f0-ebbd-4611-8023-c2b0b3d49d51","id":"/providers/Microsoft.Flow/flows/99ab26f0-ebbd-4611-8023-c2b0b3d49d51","type":"Microsoft.Flow/flows","properties":{"apiId":"/providers/Microsoft.PowerApps/apis/shared_logicflows","displayName":"Test_VirtualAccessibility","definition":{"metadata":{"workflowEntityId":null,"processAdvisorMetadata":null,"flowChargedByPaygo":null,"flowclientsuspensionreason":"None","flowclientsuspensiontime":null,"flowclientsuspensionreasondetails":null,"creator":{"id":"bb38dfc4-4e31-4119-8c2f-b7f1e6cd88ef","type":"User","tenantId":"41f88ecb-ca63-404d-97dd-ab0a169fd138"},"provisioningMethod":"FromDefinition","failureAlertSubscription":true,"clientLastModifiedTime":"2023-07-28T05:24:35.4586968Z"},"$schema":"https://schema.management.azure.com/providers/Microsoft.Logic/schemas/2016-06-01/workflowdefinition.json#","contentVersion":"1.0.0.0","parameters":{"$connections":{"defaultValue":{},"type":"Object"},"$authentication":{"defaultValue":{},"type":"SecureObject"}},"triggers":{"manual":{"metadata":{"operationMetadataId":"6504e176-c644-40f2-a7b5-3717dd0ee168"},"type":"Request","kind":"Button","inputs":{"schema":{"type":"object","properties":{},"required":[]}}}},"actions":{"Get_rows":{"runAfter":{},"metadata":{"1ga0yPRdm8NL1xWtgjpH-SrKgIenLSiODoNIs8nqdH9k":"/Research/research sh t/Dissertation/Dissertation Schools/University Websites List for Digital Accessibility Testing (500 Randomly Selected)","operationMetadataId":"55e65de4-0c4b-4565-a7f7-9cda97271546"},"type":"OpenApiConnection","inputs":{"host":{"apiId":"/providers/Microsoft.PowerApps/apis/shared_googlesheet","connectionName":"shared_googlesheet","operationId":"GetItems"},"parameters":{"dataset":"1ga0yPRdm8NL1xWtgjpH-SrKgIenLSiODoNIs8nqdH9k","table":"1531838822","$top":500,"$skip":1},"authentication":{"value":"@json(decodeBase64(triggerOutputs().headers['X-MS-APIM-Tokens']))['$ConnectionKey']","type":"Raw"}}}}},"connectionReferences":{"shared_googlesheet":{"connectionName":"shared-googlesheet-609cde47-11fc-4021-977c-2960fcaf40ab","source":"Invoker","id":"/providers/Microsoft.PowerApps/apis/shared_googlesheet","tier":"NotSpecified"}},"flowFailureAlertSubscribed":false,"isManaged":false}}